{"raw_mean_sim_to_NNprototype/road": 0.5901588797569275, "_timestamp": 1704831855.175115, "raw_mean_sim_to_NNprototype/sidewalk": 0.4928661584854126, "raw_mean_sim_to_NNprototype/building": 0.6202147006988525, "raw_mean_sim_to_NNprototype/wall": 0.5540410280227661, "raw_mean_sim_to_NNprototype/fence": 0.521289587020874, "raw_mean_sim_to_NNprototype/pole": 0.5783123970031738, "raw_mean_sim_to_NNprototype/traffic_light": 0.5414466261863708, "raw_mean_sim_to_NNprototype/traffic_sign": 0.581049382686615, "raw_mean_sim_to_NNprototype/vegetation": 0.4985765814781189, "raw_mean_sim_to_NNprototype/terrain": 0.6279907822608948, "raw_mean_sim_to_NNprototype/sky": 0.5030982494354248, "raw_mean_sim_to_NNprototype/person": 0.4634517729282379, "raw_mean_sim_to_NNprototype/rider": 0.5260368585586548, "raw_mean_sim_to_NNprototype/car": 0.548092782497406, "raw_mean_sim_to_NNprototype/truck": 0.5388425588607788, "raw_mean_sim_to_NNprototype/motorcycle": 0.5409166812896729, "raw_mean_sim_to_NNprototype/bicycle": 0.5595832467079163, "raw_mean_sim_to_NNprototype_mean/mean_over_all_classes": 0.5438069850206375, "gamma": 0.7281149625778198, "learning rates/backbone": 0.0005, "learning rates/decode_head": 0.0005, "learning rates/projection_net": 0.0005, "losses/loss_ce": 5.078259468078613, "losses/loss_mask": 1.3871557712554932, "losses/loss_dice": 4.9205217361450195, "losses/loss_p": 1.098825454711914, "losses/loss_u": -2.8654329776763916, "losses/loss_c": 3.520721435546875, "metrics/m2f_miou": 0.007308524567633867, "metrics/m2f_accuracy": 0.0479271300137043, "metrics/sup_mean_max_softmax": 0.052720069885253906, "metrics/mean_max_softmax_query": 0.3872127830982208, "metrics/mean_max_softmax_target": 0.9998316168785095, "metrics/p_certain_q": 0.018259061500430107, "p_certain_per_class_q/road": 0.20934146642684937, "p_certain_per_class_q/sidewalk": 0.0, "p_certain_per_class_q/building": 0.5661270022392273, "p_certain_per_class_q/wall": 0.0, "p_certain_per_class_q/fence": 0.0, "p_certain_per_class_q/pole": 0.007049299776554108, "p_certain_per_class_q/traffic_light": 0.0, "p_certain_per_class_q/traffic_sign": 0.0, "p_certain_per_class_q/vegetation": 0.10314717143774033, "p_certain_per_class_q/terrain": 0.1143350899219513, "p_certain_per_class_q/sky": 0.0, "p_certain_per_class_q/person": 0.0, "p_certain_per_class_q/rider": 0.0, "p_certain_per_class_q/car": 0.0, "p_certain_per_class_q/truck": 0.0, "p_certain_per_class_q/bus": 0.0, "p_certain_per_class_q/train": 0.0, "p_certain_per_class_q/motorcycle": 0.0, "p_certain_per_class_q/bicycle": 0.0, "p_certain_per_class_t/road": 0.0, "p_certain_per_class_t/sidewalk": 0.0, "p_certain_per_class_t/building": 0.0, "p_certain_per_class_t/wall": 0.0, "p_certain_per_class_t/fence": 0.0, "p_certain_per_class_t/pole": 0.0, "p_certain_per_class_t/traffic_light": 0.0, "p_certain_per_class_t/traffic_sign": 1.0, "p_certain_per_class_t/vegetation": 0.0, "p_certain_per_class_t/terrain": 0.0, "p_certain_per_class_t/sky": 0.0, "p_certain_per_class_t/person": 0.0, "p_certain_per_class_t/rider": 0.0, "p_certain_per_class_t/car": 0.0, "p_certain_per_class_t/truck": 0.0, "p_certain_per_class_t/bus": 0.0, "p_certain_per_class_t/train": 0.0, "p_certain_per_class_t/motorcycle": 0.0, "p_certain_per_class_t/bicycle": 0.0, "p_consistent_per_class/road": 0.0, "p_consistent_per_class/sidewalk": 0.0, "p_consistent_per_class/building": 0.0, "p_consistent_per_class/wall": 0.0, "p_consistent_per_class/fence": 0.0, "p_consistent_per_class/pole": 0.0, "p_consistent_per_class/traffic_light": 0.0, "p_consistent_per_class/traffic_sign": 1.0, "p_consistent_per_class/vegetation": 0.0, "p_consistent_per_class/terrain": 0.0, "p_consistent_per_class/sky": 0.0, "p_consistent_per_class/person": 0.0, "p_consistent_per_class/rider": 0.0, "p_consistent_per_class/car": 0.0, "p_consistent_per_class/truck": 0.0, "p_consistent_per_class/bus": 0.0, "p_consistent_per_class/train": 0.0, "p_consistent_per_class/motorcycle": 0.0, "p_consistent_per_class/bicycle": 0.0, "metrics/p_consistent": 0.018259061500430107, "metrics/p_accurate_given_certain": 0.0, "metrics/p_uncertain_given_inaccurate": 0.9813511371612549, "metrics/combined_prob_metric": 0.9634819030761719, "num_training_iterations": 3, "_runtime": 89.52910113334656, "_step": 2, "raw_mean_sim_to_NNprototype/train": 0.5025574564933777, "_wandb": {"runtime": 90}}